<?xml version="1.0" encoding="UTF-8"?>
<project-private xmlns="http://www.netbeans.org/ns/project-private/1">
    <editor-bookmarks xmlns="http://www.netbeans.org/ns/editor-bookmarks/2" lastBookmarkId="0"/>
    <open-files xmlns="http://www.netbeans.org/ns/projectui-open-files/2">
        <group>
            <file>file:/C:/microchip/harmony/v1_11/framework/osal/src/osal_impl_basic.h</file>
            <file>file:/C:/microchip/harmony/v1_11/apps/web_server_nvm_mpfs/web_server_nvm_mpfs.last/firmware/src/system_config/pic32mx_eth_sk2/system_tasks.c</file>
            <file>file:/C:/microchip/harmony/v1_11/apps/web_server_nvm_mpfs/web_server_nvm_mpfs.last/firmware/src/led.c</file>
            <file>file:/C:/microchip/harmony/v1_11/apps/web_server_nvm_mpfs/web_server_nvm_mpfs.last/firmware/src/main.c</file>
            <file>file:/C:/microchip/harmony/v1_11/apps/web_server_nvm_mpfs/web_server_nvm_mpfs.last/firmware/src/custom_http_app.c</file>
            <file>file:/C:/microchip/harmony/v1_11/apps/web_server_nvm_mpfs/web_server_nvm_mpfs.last/firmware/src/app.c</file>
            <file>file:/C:/microchip/harmony/v1_11/framework/system/tmr/src/sys_tmr.c</file>
            <file>file:/C:/microchip/harmony/v1_11/apps/web_server_nvm_mpfs/web_server_nvm_mpfs.last/firmware/pic32_eth_web_server.X/nbproject/Makefile-pic32mx_eth_sk2.mk</file>
            <file>file:/C:/microchip/harmony/v1_11/apps/web_server_nvm_mpfs/web_server_nvm_mpfs/firmware/src/system_config/pic32mx_eth_sk2/system_tasks.c</file>
        </group>
    </open-files>
</project-private>
